[
  {
    "name": "Eva",
    "id": "f2a3ac6d-3b17-4d97-996d-42bc380dadb9",
    "office": "Ljubljana",
    "published": true,
    "position": "Business secretary",
    "photo": {
      "id": 2321,
      "url": "/sites/default/files/2023-08/1.jpg"
    }
  },
  {
    "name": "Miha",
    "id": "f234201f-c934-4d2a-9476-fabe2958975b",
    "office": "Celje",
    "published": true,
    "position": "Software engineer",
    "photo": {
      "id": 2315,
      "url": "/sites/default/files/2023-07/miha_hocevar.jpg"
    }
  },
  {
    "name": "Admir",
    "id": "a1c185b3-4a5d-4442-a589-4910d5e1bad3",
    "office": "Ljubljana",
    "published": true,
    "position": "Software engineer",
    "photo": {
      "id": 2304,
      "url": "/sites/default/files/2023-07/admir_ljubijankic.jpg"
    }
  },
  {
    "name": "Evgenii ",
    "id": "d4cbe05c-2c86-4817-8b33-84996b5fa1a8",
    "office": "Ljubljana",
    "published": true,
    "position": "Software engineer",
    "photo": {
      "id": 2189,
      "url": "/sites/default/files/2023-02/evgenii_stepanishin.jpg"
    }
  },
  {
    "name": "Matej",
    "id": "8653aa08-d2e3-481c-864c-db80a5ebe8e2",
    "office": "Maribor",
    "published": true,
    "position": "Software engineer",
    "photo": {
      "id": 2188,
      "url": "/sites/default/files/2023-02/matej_p.jpg"
    }
  },
  {
    "name": "Andreja",
    "id": "f4604bcd-7479-4204-b93c-36ba8f4d8626",
    "office": "Ljubljana",
    "published": true,
    "position": "Client adviser",
    "photo": {
      "id": 2117,
      "url": "/sites/default/files/2022-10/Andreja%20Svens%CC%8Cek.jpg"
    }
  },
  {
    "name": "Žan",
    "id": "0e808a78-86f8-4ad7-baec-3d4faabb9afd",
    "office": "Maribor",
    "published": true,
    "position": "Software engineer",
    "photo": {
      "id": 2252,
      "url": "/sites/default/files/2023-04/zan_fingust_-_2023_0.jpg"
    }
  },
  {
    "name": "Jaka",
    "id": "aaee68d2-574c-4b2d-a83b-31f25565db64",
    "office": "Maribor",
    "published": true,
    "position": "Software engineer",
    "photo": {
      "id": 2102,
      "url": "/sites/default/files/2022-10/Jaka%20Krajnc.jpg"
    }
  },
  {
    "name": "Maja",
    "id": "fffb02ec-84aa-48df-af84-7beaf8e883a5",
    "office": "Ljubljana",
    "published": true,
    "position": "Software engineer",
    "photo": {
      "id": 2060,
      "url": "/sites/default/files/2022-08/Maja%20H..jpg"
    }
  },
  {
    "name": "Jure",
    "id": "4c3ee69e-c2de-4838-9350-3ed8ea555a91",
    "office": "Celje",
    "published": true,
    "position": "Software engineer",
    "photo": {
      "id": 2059,
      "url": "/sites/default/files/2022-08/cop%20Jure.jpg"
    }
  },
  {
    "name": "Uros",
    "id": "ed7e2094-5115-4b7f-9adb-782a1e246216",
    "office": "Maribor",
    "published": true,
    "position": "Software engineer",
    "photo": {
      "id": 2056,
      "url": "/sites/default/files/2022-07/Uros%CC%8C.jpg"
    }
  },
  {
    "name": "Bozin",
    "id": "102fc964-41a1-4b08-b3b5-91a1ece0f068",
    "office": "Celje",
    "published": true,
    "position": "Software engineer",
    "photo": {
      "id": 2046,
      "url": "/sites/default/files/2022-06/Bozin.jpg"
    }
  },
  {
    "name": "Mitja",
    "id": "da1f4014-67b4-4a7a-a7be-4079c7d20118",
    "office": "Maribor",
    "published": true,
    "position": "Software engineer",
    "photo": {
      "id": 2253,
      "url": "/sites/default/files/2023-04/mitja_pak_2023.jpg"
    }
  },
  {
    "name": "Nik",
    "id": "f79a13a6-6c73-4bd5-8020-93021db28443",
    "office": "Ljubljana",
    "published": true,
    "position": "Software engineer",
    "photo": {
      "id": 2023,
      "url": "/sites/default/files/2022-05/Nik%20Kovac%CC%8Cic%CC%8C.jpg"
    }
  },
  {
    "name": "Mark",
    "id": "f558aece-2f42-4f76-96b3-37b5fcad659e",
    "office": "Ljubljana",
    "published": true,
    "position": "Software engineer",
    "photo": {
      "id": 2015,
      "url": "/sites/default/files/2022-05/Mark%20Lisicic.jpg"
    }
  },
  {
    "name": "Jaka",
    "id": "a5f3578a-2d8b-4ca8-a2dd-c445dfe19032",
    "office": "Ljubljana",
    "published": true,
    "position": "Software engineer",
    "photo": {
      "id": 2317,
      "url": "/sites/default/files/2023-07/jaka_s._2.jpg"
    }
  },
  {
    "name": "Blaz",
    "id": "4d8e218d-19f3-446e-a68a-a764f31bffe0",
    "office": "Ljubljana",
    "published": true,
    "position": "Software engineer",
    "photo": {
      "id": 1982,
      "url": "/sites/default/files/2022-03/Blaz%CC%8C%20K..jpg"
    }
  },
  {
    "name": "Patricija",
    "id": "d2afb038-78ab-47b3-b3be-2cb69cd37ef3",
    "office": "Maribor",
    "published": true,
    "position": "Software engineer",
    "photo": {
      "id": 2254,
      "url": "/sites/default/files/2023-04/patricija_delac_2023.jpg"
    }
  },
  {
    "name": "David",
    "id": "da9ff57a-f5a4-4007-be7b-48623c374beb",
    "office": "Celje",
    "published": true,
    "position": "Software engineer",
    "photo": {
      "id": 1958,
      "url": "/sites/default/files/2022-02/David.jpg"
    }
  },
  {
    "name": "Slavcho",
    "id": "af29d33e-edde-4d89-99d0-7a870df30418",
    "office": "Ljubljana",
    "published": true,
    "position": "Software engineer",
    "photo": {
      "id": 1957,
      "url": "/sites/default/files/2022-02/Slavcho%20S..jpg"
    }
  },
  {
    "name": "Jure",
    "id": "5d8fcf6d-8f5d-4e16-9a13-035d4ea2a306",
    "office": "Maribor",
    "published": true,
    "position": "Software engineer",
    "photo": {
      "id": 1949,
      "url": "/sites/default/files/2022-01/Jure%20Prnaver.jpg"
    }
  },
  {
    "name": "Florijan",
    "id": "1fb05146-c64e-49a1-9f64-985dbd4b5799",
    "office": "Celje",
    "published": true,
    "position": "Software engineer",
    "photo": {
      "id": 1935,
      "url": "/sites/default/files/2022-01/Florijan%20Arc%CC%8Can.jpg"
    }
  },
  {
    "name": "Dejan",
    "id": "3605bde3-8b36-4ee3-9104-a183270fb847",
    "office": "Maribor",
    "published": true,
    "position": "Software engineer",
    "photo": {
      "id": 1934,
      "url": "/sites/default/files/2021-12/Dejan%20Cosic%20%281%29.png"
    }
  },
  {
    "name": "Robert",
    "id": "b850b409-4e2a-42b3-b03c-d0662443639a",
    "office": "Celje",
    "published": true,
    "position": "Software engineer",
    "photo": {
      "id": 1927,
      "url": "/sites/default/files/2021-12/Robert%20Artic%CC%8C.jpg"
    }
  },
  {
    "name": "Domen",
    "id": "70a4f9bc-4445-4465-9a78-d73845cea978",
    "office": "Celje",
    "published": true,
    "position": "Software engineer",
    "photo": {
      "id": 1926,
      "url": "/sites/default/files/2021-12/Domen%20Rode.jpg"
    }
  },
  {
    "name": "Jakob",
    "id": "2e0c94f2-180f-4b88-894c-e311349a151c",
    "office": "Ljubljana",
    "published": true,
    "position": "Software engineer",
    "photo": {
      "id": 1925,
      "url": "/sites/default/files/2021-12/Jakob%20Narobe.jpg"
    }
  },
  {
    "name": "Matic",
    "id": "a30cd830-1e18-4fa3-b150-2dc037378495",
    "office": "Ljubljana",
    "published": true,
    "position": "Software engineer",
    "photo": {
      "id": 1888,
      "url": "/sites/default/files/2021-10/Matic%20Jeras%20web.jpg"
    }
  },
  {
    "name": "Tim",
    "id": "f07f2b66-f233-4394-be96-a3dd59ad729c",
    "office": "Maribor",
    "published": true,
    "position": "Software engineer",
    "photo": {
      "id": 1860,
      "url": "/sites/default/files/2021-08/Tim%20Koprivnik.jpg"
    }
  },
  {
    "name": "Tilen",
    "id": "88fd807b-12ea-4843-aa53-d8ee749a99f7",
    "office": "Ljubljana",
    "published": true,
    "position": "Software engineer",
    "photo": {
      "id": 1859,
      "url": "/sites/default/files/2021-08/Tilen%20G..png"
    }
  },
  {
    "name": "Tina",
    "id": "dce632f8-33f9-426a-976c-8e5d7aff9ce2",
    "office": "Ljubljana",
    "published": true,
    "position": "Software engineer",
    "photo": {
      "id": 1858,
      "url": "/sites/default/files/2021-08/Tina%20P..png"
    }
  },
  {
    "name": "Primoz",
    "id": "03c6163e-68bd-4c8c-ac70-003e4279cd53",
    "office": "Celje",
    "published": true,
    "position": "Software engineer",
    "photo": {
      "id": 1853,
      "url": "/sites/default/files/2021-07/Primoz%20Svent.jpg"
    }
  },
  {
    "name": "Irenej",
    "id": "ad9087c0-408a-4860-8c3a-ab629ad446cb",
    "office": "Celje",
    "published": true,
    "position": "Software engineer",
    "photo": {
      "id": 1846,
      "url": "/sites/default/files/2021-07/Irenej%20Jeric%20%281%29.png"
    }
  },
  {
    "name": "Tara",
    "id": "b4c64a10-dfdd-4404-a5c7-5badc9ca8ea0",
    "office": "Ljubljana",
    "published": true,
    "position": "Software engineer",
    "photo": {
      "id": 2234,
      "url": "/sites/default/files/2023-03/tara_potocnik_2023.jpg"
    }
  },
  {
    "name": "Erik",
    "id": "525a5f56-f650-4f8d-8e9d-f263c84d19f2",
    "office": "Ljubljana",
    "published": true,
    "position": "Software engineer",
    "photo": {
      "id": 1823,
      "url": "/sites/default/files/2021-06/Erik%20Kuz%CC%8Cnik.png"
    }
  },
  {
    "name": "Benjamin",
    "id": "43414c7b-a167-4481-b3e3-953278598d5c",
    "office": "Ljubljana",
    "published": true,
    "position": "Software engineer",
    "photo": {
      "id": 1777,
      "url": "/sites/default/files/2021-03/Benjamin%20K..png"
    }
  },
  {
    "name": "Miha",
    "id": "9378262c-24f2-4e16-9895-6b0abd3f1ce5",
    "office": "Ljubljana",
    "published": true,
    "position": "Software engineer",
    "photo": {
      "id": 1242,
      "url": "/sites/default/files/2020-02/miha_sebenik.jpg"
    }
  },
  {
    "name": "Nace",
    "id": "ec1e3bb3-3e88-4ec7-bcaa-a91bc1f576c3",
    "office": "Celje",
    "published": true,
    "position": "Software engineer",
    "photo": {
      "id": 926,
      "url": "/sites/default/files/2019-04/Nace.jpg"
    }
  },
  {
    "name": "Domen",
    "id": "36750cf1-d08a-4bc1-b18b-c9a76ca8ba26",
    "office": "Celje",
    "published": true,
    "position": "Software engineer",
    "photo": {
      "id": 896,
      "url": "/sites/default/files/2019-03/domen.jpg"
    }
  },
  {
    "name": "Klemen",
    "id": "4e856df5-21f9-451f-9e4a-0688d4b9a751",
    "office": "Maribor",
    "published": true,
    "position": "Software engineer",
    "photo": {
      "id": 838,
      "url": "/sites/default/files/2019-01/Klemen.jpg"
    }
  },
  {
    "name": "Rok",
    "id": "2f059541-3794-4e80-97a2-aa41a7481b44",
    "office": "Ljubljana",
    "published": true,
    "position": "Software engineer",
    "photo": {
      "id": 764,
      "url": "/sites/default/files/2018-10/Jenc%CC%8Cic%CC%8C_Rok.jpg"
    }
  },
  {
    "name": "Blaž",
    "id": "d29161f6-4b65-4dae-99b4-e12f42a82aa3",
    "office": "Ljubljana",
    "published": true,
    "position": "Software engineer",
    "photo": {
      "id": 1451,
      "url": "/sites/default/files/2020-08/Blaz_avg%202020%20web.jpg"
    }
  },
  {
    "name": "Anže",
    "id": "176ff88c-4c79-4108-bd9f-32fdbf9f3522",
    "office": "Ljubljana",
    "published": true,
    "position": "Software engineer",
    "photo": {
      "id": 1456,
      "url": "/sites/default/files/2020-08/Anz%CC%8Ce%20C%CC%8C.%20avg_2020%20web.jpg"
    }
  },
  {
    "name": "Nate",
    "id": "25df17f4-5103-47dc-be56-3b45c98add0f",
    "office": "Ljubljana",
    "published": true,
    "position": "Development manager",
    "photo": {
      "id": 989,
      "url": "/sites/default/files/2019-06/Nate_New.jpg"
    }
  },
  {
    "name": "Jernej",
    "id": "0437aee1-cd5c-4654-8713-6c3dea144f74",
    "office": "Ljubljana",
    "published": true,
    "position": "Software engineer",
    "photo": {
      "id": 2206,
      "url": "/sites/default/files/2023-03/jernej_mramor.jpg"
    }
  },
  {
    "name": "Niko ",
    "id": "dabfaa0d-4cea-400b-be7c-fe1c07f0ae92",
    "office": "Maribor",
    "published": true,
    "position": "Software engineer",
    "photo": {
      "id": 1486,
      "url": "/sites/default/files/2020-09/Niko%20Matjasic.jpg"
    }
  },
  {
    "name": "Sabina",
    "id": "1e642973-a919-494e-96f7-f0826e1cf6c9",
    "office": "Ljubljana",
    "published": true,
    "position": "Software engineer",
    "photo": {
      "id": 1479,
      "url": "/sites/default/files/2020-08/Sabina%20H.%20%281%29.jpg"
    }
  },
  {
    "name": "Timotej",
    "id": "618e7781-ae05-4ca9-aa1b-cc580e70956d",
    "office": "Celje",
    "published": true,
    "position": "Software engineer",
    "photo": {
      "id": 1477,
      "url": "/sites/default/files/2020-08/Timotej%20P..jpg"
    }
  },
  {
    "name": "Jure",
    "id": "3f054890-8fe4-4485-b8da-4b7920b45ec6",
    "office": "Ljubljana",
    "published": true,
    "position": "Client adviser",
    "photo": {
      "id": 2205,
      "url": "/sites/default/files/2023-03/jure_s._232.jpg"
    }
  },
  {
    "name": "Karin",
    "id": "8186b992-2b00-4502-8151-de85c0a1cbba",
    "office": "Maribor",
    "published": true,
    "position": "Software engineer",
    "photo": {
      "id": 1339,
      "url": "/sites/default/files/2020-06/Karin_web.jpg"
    }
  },
  {
    "name": "Miha",
    "id": "788c4411-ec8a-4e31-95fc-240ac132f54f",
    "office": "Maribor",
    "published": true,
    "position": "Software engineer",
    "photo": {
      "id": 1224,
      "url": "/sites/default/files/2020-01/Miha.jpg"
    }
  },
  {
    "name": "Martin ",
    "id": "8411a54b-1f39-4904-8391-02b4f1dc0e62",
    "office": "Ljubljana",
    "published": true,
    "position": "Software engineer",
    "photo": {
      "id": 1166,
      "url": "/sites/default/files/2019-12/martin_0.jpg"
    }
  },
  {
    "name": "Lena",
    "id": "09cb7131-7714-4b39-9a89-8106248575ec",
    "office": "Ljubljana",
    "published": true,
    "position": "Event manager & PR",
    "photo": {
      "id": 1879,
      "url": "/sites/default/files/2021-09/Lena%20G.%202021.png"
    }
  },
  {
    "name": "Klemen",
    "id": "a1946677-bbd3-4edb-b7cd-91e26bac72aa",
    "office": "Celje",
    "published": true,
    "position": "Software engineer",
    "photo": {
      "id": 1137,
      "url": "/sites/default/files/2019-11/KlemenB.jpg"
    }
  },
  {
    "name": "Nana",
    "id": "406d30a9-4d29-434f-aeec-bada3123e632",
    "office": "Ljubljana",
    "published": true,
    "position": "Head of HR ",
    "photo": {
      "id": 1061,
      "url": "/sites/default/files/2019-08/nana.jpg"
    }
  },
  {
    "name": "Ivana",
    "id": "da40eeaa-8f04-428f-b7ec-202403275885",
    "office": "Maribor",
    "published": true,
    "position": "Resource manager",
    "photo": {
      "id": 2255,
      "url": "/sites/default/files/2023-04/ivana_santej_2023_1.jpg"
    }
  },
  {
    "name": "Anastazia",
    "id": "b0a30b38-fdd0-40cf-9d58-5aa5676c44e8",
    "office": "Maribor",
    "published": true,
    "position": "Software engineer",
    "photo": {
      "id": 925,
      "url": "/sites/default/files/2019-04/Anastazia.jpg"
    }
  },
  {
    "name": "Benjamin",
    "id": "e2fb3c25-c53b-4c6e-9a42-d9c5ee343a64",
    "office": "Celje",
    "published": true,
    "position": "Development manager",
    "photo": {
      "id": 924,
      "url": "/sites/default/files/2019-04/Benjamin.jpg"
    }
  },
  {
    "name": "Tjasa",
    "id": "136d3d1c-c4f6-4a5c-9b7f-e6692f6aba8c",
    "office": "Ljubljana",
    "published": true,
    "position": "Software engineer / Mentor",
    "photo": {
      "id": 1457,
      "url": "/sites/default/files/2020-08/Tjas%CC%8Ca%20D.%20AVG%202020%20web.jpg"
    }
  },
  {
    "name": "Tim",
    "id": "f24a462c-396e-4d22-82c0-63be0c39b06b",
    "office": "Ljubljana",
    "published": true,
    "position": "Content & Community manager",
    "photo": {
      "id": 800,
      "url": "/sites/default/files/2018-12/TimButara.jpg"
    }
  },
  {
    "name": "Branka",
    "id": "763b1594-2947-4ac5-8cc2-a2834763ec57",
    "office": "Maribor",
    "published": true,
    "position": "Software engineer",
    "photo": {
      "id": 1473,
      "url": "/sites/default/files/2020-08/Branka.jpg"
    }
  },
  {
    "name": "Maya",
    "id": "404869fc-717e-4ffa-84c9-9e19d110bfcd",
    "office": "Maribor",
    "published": true,
    "position": "Software engineer",
    "photo": {
      "id": 1138,
      "url": "/sites/default/files/2019-11/maya.jpeg"
    }
  },
  {
    "name": "Janez",
    "id": "44a6fe27-99bd-4355-85f4-640a08dd372b",
    "office": "Maribor",
    "published": true,
    "position": "Development manager",
    "photo": {
      "id": 964,
      "url": "/sites/default/files/2019-05/Janez_New.jpg"
    }
  },
  {
    "name": "Ales",
    "id": "4fbac281-6de9-46e0-9eb7-0aee46de36fd",
    "office": "Maribor",
    "published": true,
    "position": "Software engineer",
    "photo": {
      "id": 2256,
      "url": "/sites/default/files/2023-04/ales_bencina_2023.jpg"
    }
  },
  {
    "name": "Dea",
    "id": "e6ad5244-1384-4ae1-b48a-526a6112b463",
    "office": "Maribor",
    "published": true,
    "position": "Software engineer",
    "photo": {
      "id": 759,
      "url": "/sites/default/files/2018-10/Omerbegovic_Dea.jpg"
    }
  },
  {
    "name": "Kristina",
    "id": "399fa1b4-377b-4391-bcf6-0f4c4a907c37",
    "office": "Ljubljana",
    "published": true,
    "position": "Software engineer",
    "photo": {
      "id": 745,
      "url": "/sites/default/files/2018-10/Davidovic%CC%81_Kristina.jpg"
    }
  },
  {
    "name": "Saso",
    "id": "1cbedc62-5a61-48fd-9691-6fc3ab789b08",
    "office": "Celje",
    "published": true,
    "position": "Software engineer",
    "photo": {
      "id": 744,
      "url": "/sites/default/files/2018-10/Sotlar_Sas%CC%8Co.jpg"
    }
  },
  {
    "name": "Leo",
    "id": "5a3dd62a-75e0-436b-a6f5-33c218928237",
    "office": "Maribor",
    "published": true,
    "position": "Software engineer",
    "photo": {
      "id": 742,
      "url": "/sites/default/files/2018-10/Galun_Leo.jpg"
    }
  },
  {
    "name": "Ales",
    "id": "f04ae958-a68c-40b0-a2c6-b93977c0a906",
    "office": "Ljubljana",
    "published": true,
    "position": "Head of Client Services",
    "photo": {
      "id": 1454,
      "url": "/sites/default/files/2020-08/Ales%CC%8C%20K_avg%202020%20%20%281%29.jpg"
    }
  },
  {
    "name": "Uros",
    "id": "a2faa052-9ee3-4154-85ab-05710a4e284c",
    "office": "Maribor",
    "published": true,
    "position": "Software engineer",
    "photo": {
      "id": 753,
      "url": "/sites/default/files/2018-10/C%CC%8Ceh_Uros%CC%8C.jpg"
    }
  },
  {
    "name": "Maja",
    "id": "3acb56d5-0d7f-4748-a268-0f20d45483ff",
    "office": "Ljubljana",
    "published": true,
    "position": "Head of finance",
    "photo": {
      "id": 737,
      "url": "/sites/default/files/2018-10/Topolovec_Maja.jpg"
    }
  },
  {
    "name": "Domen",
    "id": "5a27854f-0fad-4e3c-9d8c-bbe959564573",
    "office": "Ljubljana",
    "published": true,
    "position": "Head of operations ",
    "photo": {
      "id": 735,
      "url": "/sites/default/files/2018-10/Ramus%CC%8C_Domen.jpg"
    }
  },
  {
    "name": "Bostjan",
    "id": "f68867d3-690b-48f0-8e1a-7bc009465f78",
    "office": "Ljubljana",
    "published": true,
    "position": "Development director",
    "photo": {
      "id": 1455,
      "url": "/sites/default/files/2020-08/Bos%CC%8Ctjan_avg_2020%20pop%20%281%29.jpg"
    }
  },
  {
    "name": "Iztok",
    "id": "eccdb019-eecf-4e23-b4c4-2497653b3b1e",
    "office": "Ljubljana",
    "published": true,
    "position": "Managing director",
    "photo": {
      "id": 732,
      "url": "/sites/default/files/2019-04/Iztok_New.jpg"
    }
  }
]