[
  {
    "name": "Stuart Cooke",
    "id": "c016ad9c-7b26-4e20-b40f-ea115952c2f9",
    "office": "Ljubljana",
    "published": false,
    "position": "Blog author",
    "photo": {
      "id": 2305,
      "url": "/sites/default/files/2023-07/stuart_cooke_headshot.jpeg"
    }
  },
  {
    "name": "James Fraser",
    "id": "6d2cf5db-b204-4998-bbbf-ca132c3742c7",
    "office": "Ljubljana",
    "published": false,
    "position": "Blog author",
    "photo": {
      "id": 2281,
      "url": "/sites/default/files/2023-06/james_fraser.jpg"
    }
  },
  {
    "name": "Rachel Eleza",
    "id": "416e597b-bf79-4049-a8fc-1d85029aa594",
    "office": "Ljubljana",
    "published": false,
    "position": "Blog author",
    "photo": {
      "id": 2249,
      "url": "/sites/default/files/2023-04/rachel_eleza_photo.jpg"
    }
  },
  {
    "name": "Vuk",
    "id": "3e4f13a5-62d5-4e6b-a382-e88eb54620fd",
    "office": "Ljubljana",
    "published": false,
    "position": "Client adviser",
    "photo": {
      "id": 2113,
      "url": "/sites/default/files/2022-10/Vuk%20%20Strugar.jpg"
    }
  },
  {
    "name": "Sebastijan",
    "id": "8346c57b-1ad2-476c-9715-8f3c71073fcb",
    "office": "Celje",
    "published": false,
    "position": "Software engineer",
    "photo": {
      "id": 2071,
      "url": "/sites/default/files/2022-09/Sebastijan%20Tavc%CC%8Car.jpeg"
    }
  },
  {
    "name": "Sašo",
    "id": "88912626-1aac-450b-bca0-6327e9665e36",
    "office": "Ljubljana",
    "published": false,
    "position": "Client adviser",
    "photo": {
      "id": 2083,
      "url": "/sites/default/files/2022-09/Sas%CC%8Co%20Fleiss.jpeg"
    }
  },
  {
    "name": "Daniel Martin",
    "id": "496321ca-f229-405d-804d-1d271251704b",
    "office": "Ljubljana",
    "published": false,
    "position": "Blog author",
    "photo": {
      "id": 2064,
      "url": "/sites/default/files/2022-08/Dan.png"
    }
  },
  {
    "name": "Nika",
    "id": "63ffbbc2-721a-44ad-8cd6-2be5ba091a8f",
    "office": "Ljubljana",
    "published": false,
    "position": "Software engineer",
    "photo": {
      "id": 2049,
      "url": "/sites/default/files/2022-06/Nika%20Volk.jpg"
    }
  },
  {
    "name": "Klemen",
    "id": "8bee41d3-7ff7-4633-a72c-c2b346abe800",
    "office": "Maribor",
    "published": false,
    "position": "Software engineer",
    "photo": {
      "id": 2047,
      "url": "/sites/default/files/2022-06/Klemen%20Nedelko%20%281%29.jpg"
    }
  },
  {
    "name": "Safet",
    "id": "52e13fc0-b41c-4ca1-b0be-fa76c4def195",
    "office": "Ljubljana",
    "published": false,
    "position": "Software engineer",
    "photo": {
      "id": 2022,
      "url": "/sites/default/files/2022-05/Safet%20Duranovic.jpg"
    }
  },
  {
    "name": "Simon",
    "id": "f2ef4396-2341-4b1d-a3a6-7d6734038a87",
    "office": "Maribor",
    "published": false,
    "position": "Software engineer",
    "photo": {
      "id": 1989,
      "url": "/sites/default/files/2022-04/Simon%20Pers%CC%8Ce%20%281%29.jpg"
    }
  },
  {
    "name": "Rok",
    "id": "b9f514f9-c820-479f-ac2a-d93e91199bdf",
    "office": "Ljubljana",
    "published": false,
    "position": "Software engineer",
    "photo": {
      "id": 1959,
      "url": "/sites/default/files/2022-02/Rok.jpg"
    }
  },
  {
    "name": "Haidi",
    "id": "8d989d9b-36dd-4a1c-a057-fe71e7d37f41",
    "office": "Maribor",
    "published": false,
    "position": "Software engineer",
    "photo": {
      "id": 1896,
      "url": "/sites/default/files/2021-10/Haidi%20Zakels%CC%8Cek.jpg"
    }
  },
  {
    "name": "Nejc",
    "id": "9163b8bb-5507-4962-803b-3e1952959968",
    "office": "Celje",
    "published": false,
    "position": "Software engineer",
    "photo": {
      "id": 1894,
      "url": "/sites/default/files/2021-10/Nejc%20Frece%20Z%CC%8Cohar.jpg"
    }
  },
  {
    "name": "Janez",
    "id": "8b76ed67-86df-4584-aef3-5be80e1c96e0",
    "office": "Maribor",
    "published": false,
    "position": "Software engineer",
    "photo": {
      "id": 1876,
      "url": "/sites/default/files/2021-09/Jani%20Sosteric.png"
    }
  },
  {
    "name": "Matjaz",
    "id": "7cf092ca-7f4a-43d2-89ea-e5c1cfd2892f",
    "office": "Ljubljana",
    "published": false,
    "position": "Software engineer",
    "photo": {
      "id": 1869,
      "url": "/sites/default/files/2021-09/Matjaz%CC%8C%20B.%20%20%281%29.png"
    }
  },
  {
    "name": "Ryan Gould",
    "id": "7be6a5e5-7403-4d37-91d6-a3e2b75df809",
    "office": "Ljubljana",
    "published": false,
    "position": "Blog author",
    "photo": {
      "id": 1861,
      "url": "/sites/default/files/2021-08/Ryan%20Gould%20ad.com%20photo.png"
    }
  },
  {
    "name": "Saso",
    "id": "d8d1d4f4-33b9-41c2-a2d3-75b107393943",
    "office": "Maribor",
    "published": false,
    "position": "Software engineer",
    "photo": {
      "id": 1854,
      "url": "/sites/default/files/2021-07/Saso%20Tos.png"
    }
  },
  {
    "name": "Anton",
    "id": "3ca87a5f-5032-40fb-a908-99465f5a22c7",
    "office": "Maribor",
    "published": false,
    "position": "Software engineer",
    "photo": {
      "id": 1843,
      "url": "/sites/default/files/2021-07/Anton%20D..png"
    }
  },
  {
    "name": "Josip",
    "id": "1ec24d82-120f-4b72-8f10-6a86f3dc64da",
    "office": "Ljubljana",
    "published": false,
    "position": "Software engineer",
    "photo": {
      "id": 1836,
      "url": "/sites/default/files/2021-06/Josip%20R.%20junij%202021.png"
    }
  },
  {
    "name": "Dimitar",
    "id": "af2652e9-7950-42e8-b70e-7bb151f6dc4e",
    "office": "Ljubljana",
    "published": false,
    "position": "Software engineer",
    "photo": {
      "id": 1825,
      "url": "/sites/default/files/2021-06/Dimitar%20Stojanovski.png"
    }
  },
  {
    "name": "Stewart Dunlop",
    "id": "608b3460-a1fe-4440-9c43-fe04ab2731e4",
    "office": "Ljubljana",
    "published": false,
    "position": "Content contributor",
    "photo": {
      "id": 1820,
      "url": "/sites/default/files/2021-05/1585663998121.jpeg"
    }
  },
  {
    "name": "Luka",
    "id": "02345d1c-4f51-4dbe-ab77-3dea3e92b92d",
    "office": "Ljubljana",
    "published": false,
    "position": "Software engineer",
    "photo": {
      "id": 1808,
      "url": "/sites/default/files/2021-05/Luka%20S..jpg"
    }
  },
  {
    "name": "Juanjo ",
    "id": "2944bbc9-e11e-4a3d-861b-274f2d15ebc0",
    "office": "Ljubljana",
    "published": false,
    "position": "Software engineer",
    "photo": {
      "id": 1679,
      "url": "/sites/default/files/2020-11/Juanjo%20Jimeno.png"
    }
  },
  {
    "name": "Amadej",
    "id": "ba93d23f-8ccf-48d6-96e0-476923cff5c3",
    "office": "Ljubljana",
    "published": false,
    "position": "Software engineer",
    "photo": {
      "id": 1658,
      "url": "/sites/default/files/2020-10/Amadej%20G.%20%281%29.jpg"
    }
  },
  {
    "name": "Alen",
    "id": "c6709b7c-fb89-4d14-8bdf-71080da03212",
    "office": "Celje",
    "published": false,
    "position": "Software engineer",
    "photo": {
      "id": 1657,
      "url": "/sites/default/files/2020-10/Alen%20Verk%20web.jpg"
    }
  },
  {
    "name": "Jernej",
    "id": "9d75c46e-1632-4952-a47a-759c688d338c",
    "office": "ef2c7587-e27f-4637-baf7-e25c91c8bf7b",
    "published": false,
    "position": "Software engineer",
    "photo": {
      "id": 1009,
      "url": "/sites/default/files/2019-07/jernej-beg.jpg"
    }
  },
  {
    "name": "Peter",
    "id": "b5d49934-57b3-4190-a7fd-6b8622c07667",
    "office": "Ljubljana",
    "published": false,
    "position": "Software engineer",
    "photo": {
      "id": 1452,
      "url": "/sites/default/files/2020-08/Peter%20avg_2020%20web.jpg"
    }
  },
  {
    "name": "Matija",
    "id": "debc8f3f-9a82-4ec1-93bb-05e9590d35fd",
    "office": "Celje",
    "published": false,
    "position": "Software engineer",
    "photo": {
      "id": 633,
      "url": "/sites/default/files/2018-09/Matija.jpg"
    }
  },
  {
    "name": "Mateja",
    "id": "fc71e222-3c57-487f-9aaf-a1d125579b61",
    "office": "Ljubljana",
    "published": false,
    "position": "Software engineer",
    "photo": {
      "id": 1008,
      "url": "/sites/default/files/2019-07/Mateja%20Gustin.jpg"
    }
  },
  {
    "name": "Nina ",
    "id": "37bb9d62-ecd3-4bcc-9fb1-19f46d9af5fd",
    "office": "Ljubljana",
    "published": false,
    "position": "Software engineer",
    "photo": {
      "id": 1478,
      "url": "/sites/default/files/2020-08/Nina%20Mikulin.jpg"
    }
  },
  {
    "name": "Tomaz",
    "id": "0f38366d-4e0a-4a98-9c1f-5bf61c23a760",
    "office": "Ljubljana",
    "published": false,
    "position": "Client adviser",
    "photo": {
      "id": 1417,
      "url": "/sites/default/files/2020-06/Tomaz%20Senica.jpg"
    }
  },
  {
    "name": "Anze",
    "id": "24976d17-7acb-44ea-aafc-3c068d7f52ff",
    "office": "Ljubljana",
    "published": false,
    "position": "Software engineer",
    "photo": {
      "id": 1346,
      "url": "/sites/default/files/2020-06/Anze%20F_0.jpg"
    }
  },
  {
    "name": "Edi",
    "id": "fee43510-e7a4-48dc-8156-f5827a99b4d1",
    "office": "Ljubljana",
    "published": false,
    "position": "Software engineer",
    "photo": {
      "id": 1337,
      "url": "/sites/default/files/2020-06/Edi%20C_1.jpg"
    }
  },
  {
    "name": "Gregor",
    "id": "7ea82fec-74e9-46c1-aa63-97ab9f69b3f4",
    "office": "Ljubljana",
    "published": false,
    "position": "Software engineer",
    "photo": {
      "id": 1287,
      "url": "/sites/default/files/2020-03/Gregor%20Hrus%CC%8Cevar.jpg"
    }
  },
  {
    "name": "Matevz",
    "id": "a9770a24-a617-44bb-a269-4c66b2cb58a3",
    "office": "Ljubljana",
    "published": false,
    "position": "Software engineer",
    "photo": {
      "id": 1275,
      "url": "/sites/default/files/2020-03/Matevz%20Golob.jpg"
    }
  },
  {
    "name": "Tomaz",
    "id": "3a845cbf-eb03-4bfe-8961-dd6632ea4970",
    "office": "Ljubljana",
    "published": false,
    "position": "Client adviser",
    "photo": {
      "id": 1249,
      "url": "/sites/default/files/2020-02/Tomaz%20Sitar%20web.jpg"
    }
  },
  {
    "name": "Davide",
    "id": "c58688c0-b299-45a7-b920-884946c6fe89",
    "office": "Ljubljana",
    "published": false,
    "position": "Software engineer",
    "photo": {
      "id": 1241,
      "url": "/sites/default/files/2020-02/davide.jpg"
    }
  },
  {
    "name": "Žiga",
    "id": "e6da48ba-5636-4ee0-be52-9f8941ab5e2c",
    "office": "Ljubljana",
    "published": false,
    "position": "Back-end developer",
    "photo": {
      "id": 1223,
      "url": "/sites/default/files/2020-01/ZigaD.jpg"
    }
  },
  {
    "name": "Rok",
    "id": "d99168eb-f282-4705-b9da-1b92ca190e90",
    "office": "Ljubljana",
    "published": false,
    "position": "Software engineer",
    "photo": {
      "id": 1182,
      "url": "/sites/default/files/2020-01/rsz_rokz.jpg"
    }
  },
  {
    "name": "Blaz",
    "id": "312d57ba-a5ee-4df1-a0fa-4d9421aaa270",
    "office": "ef2c7587-e27f-4637-baf7-e25c91c8bf7b",
    "published": false,
    "position": "Software engineer",
    "photo": {
      "id": 1132,
      "url": "/sites/default/files/2019-10/BlazG.jpg"
    }
  },
  {
    "name": "Denis",
    "id": "5b899425-61bb-4b4f-aa7f-449ff26f8321",
    "office": "Maribor",
    "published": false,
    "position": "Back-end developer",
    "photo": {
      "id": 1131,
      "url": "/sites/default/files/2019-10/DenisC.jpg"
    }
  },
  {
    "name": "Nejc",
    "id": "edac8c9b-7256-440d-a9ac-47ba56a5ec22",
    "office": "Celje",
    "published": false,
    "position": "Software engineer",
    "photo": {
      "id": 1095,
      "url": "/sites/default/files/2019-10/Nejc.jpg"
    }
  },
  {
    "name": "Jani",
    "id": "eaa832fb-2642-41fc-a17e-4b6135b12d44",
    "office": "Ljubljana",
    "published": false,
    "position": "Back-end developer",
    "photo": {
      "id": 1094,
      "url": "/sites/default/files/2019-10/Jani.jpg"
    }
  },
  {
    "name": "Klinton",
    "id": "4556b6a6-528a-4f08-b2c7-2ebf449c45c7",
    "office": "Ljubljana",
    "published": false,
    "position": "Software engineer",
    "photo": {
      "id": 1093,
      "url": "/sites/default/files/2019-10/Klinton.jpg"
    }
  },
  {
    "name": "Tjasa",
    "id": "cc2f1c99-991d-456c-8cbd-11b0df611d64",
    "office": "Ljubljana",
    "published": false,
    "position": "Software engineer",
    "photo": {
      "id": 1092,
      "url": "/sites/default/files/2019-10/Tjasa%20%281%29.jpg"
    }
  },
  {
    "name": "Espie Vidal",
    "id": "75ade044-16d5-47c9-a6a1-52ea03a49de4",
    "office": "Ljubljana",
    "published": false,
    "position": "Guest writer",
    "photo": {
      "id": 1082,
      "url": "/sites/default/files/2019-09/id.jpg"
    }
  },
  {
    "name": "Luka",
    "id": "c902ab5b-7bd9-40a5-a0de-02ba8c3969c5",
    "office": "Ljubljana",
    "published": false,
    "position": "Full-stack developer",
    "photo": {
      "id": 1059,
      "url": "/sites/default/files/2019-08/luka.jpg"
    }
  },
  {
    "name": "Omer",
    "id": "918a39b7-e5db-4b53-ae41-431ae430049c",
    "office": "Ljubljana",
    "published": false,
    "position": "Back-end developer",
    "photo": {
      "id": 1011,
      "url": "/sites/default/files/2019-07/omer.jpg"
    }
  },
  {
    "name": "Matic",
    "id": "9656fe44-e4b0-4fc2-8ea1-7d815f9ec714",
    "office": "Maribor",
    "published": false,
    "position": "Back-end developer",
    "photo": {
      "id": 988,
      "url": "/sites/default/files/2019-06/Matic_Bo.jpg"
    }
  },
  {
    "name": "Ziga",
    "id": "a33122f0-105c-43b2-ba87-df3a5e0106ca",
    "office": "Maribor",
    "published": false,
    "position": "Back-end developer",
    "photo": {
      "id": 966,
      "url": "/sites/default/files/2019-05/Ziga.jpg"
    }
  },
  {
    "name": "Aljaz",
    "id": "4f5a3639-30dd-4c5a-82c9-99343c586b6c",
    "office": "Ljubljana",
    "published": false,
    "position": "Back-end developer",
    "photo": {
      "id": 965,
      "url": "/sites/default/files/2019-05/Aljaz.jpg"
    }
  },
  {
    "name": "Owen",
    "id": "d7f051c5-423e-4eef-be2f-ba164f261441",
    "published": false,
    "position": "Front-end developer",
    "photo": {
      "id": 934,
      "url": "/sites/default/files/2019-05/Owen.jpg"
    }
  },
  {
    "name": "Ales",
    "id": "ba36718c-9bd4-48f8-8b6e-ccf8fa5b4697",
    "published": false,
    "position": "Front-end developer",
    "photo": {
      "id": 906,
      "url": "/sites/default/files/2019-04/AlesP.jpg"
    }
  },
  {
    "name": "Ilya",
    "id": "5e7d1f2f-8e5d-46e9-baf9-6d797a79f68f",
    "office": "Ljubljana",
    "published": false,
    "position": "Client adviser",
    "photo": {
      "id": 888,
      "url": "/sites/default/files/2019-03/Ilja.jpg"
    }
  },
  {
    "name": "Katja",
    "id": "b8ef9a3b-e60d-4d2c-ae43-12b394d0d0ee",
    "office": "Ljubljana",
    "published": false,
    "position": "Software engineer",
    "photo": {
      "id": 839,
      "url": "/sites/default/files/2019-01/Katja.jpg"
    }
  },
  {
    "name": "Nik",
    "id": "a0a4fd5a-e468-4e0b-9864-d4d667ff11dc",
    "office": "Celje",
    "published": false,
    "position": "Back-end developer",
    "photo": {
      "id": 766,
      "url": "/sites/default/files/2018-10/Strozak_Nik.jpg"
    }
  },
  {
    "name": "Tilen",
    "id": "b89bff3e-0659-4c89-81bd-0454f04f63b2",
    "office": "Ljubljana",
    "published": false,
    "position": "Back-end developer",
    "photo": {
      "id": 765,
      "url": "/sites/default/files/2018-10/Poje_Tilen.jpg"
    }
  },
  {
    "name": "Nedim",
    "id": "7e3996ca-e271-45f7-8ab5-2d4e5f88786b",
    "office": "Maribor",
    "published": false,
    "position": "Back-end developer",
    "photo": {
      "id": 762,
      "url": "/sites/default/files/2018-10/Trumic%CC%81_Nedim.jpg"
    }
  },
  {
    "name": "Nejc",
    "id": "a56a3c55-e283-4c56-ba9d-bb3f6f0c12b1",
    "office": "Ljubljana",
    "published": false,
    "position": "Software engineer",
    "photo": {
      "id": 748,
      "url": "/sites/default/files/2018-10/Koporec_Nejc.jpg"
    }
  },
  {
    "name": "Matic",
    "id": "864032e9-a521-4192-a739-e191e0d6f5af",
    "office": "Maribor",
    "published": false,
    "position": "Software engineer",
    "photo": {
      "id": 1474,
      "url": "/sites/default/files/2020-08/Matic.jpg"
    }
  },
  {
    "name": "Marko",
    "id": "e4d4f216-fa1f-4761-91ff-e28e84845d27",
    "office": "Ljubljana",
    "published": false,
    "position": "Software engineer",
    "photo": {
      "id": 751,
      "url": "/sites/default/files/2018-10/Roms%CC%8Cak_Marko.jpg"
    }
  },
  {
    "name": "Lio",
    "id": "e88530ea-da3d-4eeb-9ab2-1118f8216329",
    "office": "Ljubljana",
    "published": false,
    "position": "Back-end developer",
    "photo": {
      "id": 750,
      "url": "/sites/default/files/2018-10/Doron%20Novelli_Lio.jpg"
    }
  },
  {
    "name": "Josip",
    "id": "7bf44d52-5817-4632-b2a8-f3000759c08b",
    "office": "Ljubljana",
    "published": false,
    "position": "Software engineer",
    "photo": {
      "id": 755,
      "url": "/sites/default/files/2018-10/Rajkovic%CC%81_Josip.jpg"
    }
  },
  {
    "name": "Jan",
    "id": "2290bb5c-e116-467f-bdd0-af4adc169e0b",
    "office": "Ljubljana",
    "published": false,
    "position": "Full-stack developer",
    "photo": {
      "id": 754,
      "url": "/sites/default/files/2018-10/Hacin_Jan.jpg"
    }
  },
  {
    "name": "Borut",
    "id": "a427d9e7-0771-4c46-b9b2-d7a93424de2a",
    "office": "Ljubljana",
    "published": false,
    "position": "Software engineer",
    "photo": {
      "id": 756,
      "url": "/sites/default/files/2018-10/Piletic%CC%8C_Borut.jpg"
    }
  },
  {
    "name": "Denis",
    "id": "14c4d5e3-ec3b-478c-a704-274b9749259c",
    "published": false,
    "position": "Drupal back-end developer",
    "photo": {
      "id": 747,
      "url": "/sites/default/files/2018-10/Veg_Denis.jpg"
    }
  },
  {
    "name": "Sara",
    "id": "9da4a4a6-0236-4fa9-96d9-e0182943f8ce",
    "published": false,
    "position": "Drupal front-end developer",
    "photo": {
      "id": 133,
      "url": "/sites/default/files/2018-09/Sara.jpg"
    }
  },
  {
    "name": "Vika",
    "id": "89658a48-fe1b-45ed-9838-c56cbaaf295c",
    "office": "Ljubljana",
    "published": false,
    "position": "Software engineer",
    "photo": {
      "id": 743,
      "url": "/sites/default/files/2018-10/Shnurova_Viktoriia.jpg"
    }
  },
  {
    "name": "Vesna",
    "id": "02cf75aa-d796-4004-a833-98863bb0e526",
    "published": false,
    "position": "Drupal back-end developer",
    "photo": {
      "id": 740,
      "url": "/sites/default/files/2018-10/Gros%CC%8Celj_Vesna.jpg"
    }
  },
  {
    "name": "Alec",
    "id": "9b6e29d5-6a49-4adf-bffc-651dd318141c",
    "published": false,
    "position": "Drupal back-end developer",
    "photo": {
      "id": 54,
      "url": "/sites/default/files/2019-08/avatar-unisex-240x300.jpg"
    }
  },
  {
    "name": "Aljosa",
    "id": "07b46a0d-a222-4ab0-85c2-34459e0412f8",
    "published": false,
    "position": "Drupal back-end developer",
    "photo": {
      "id": 54,
      "url": "/sites/default/files/2019-08/avatar-unisex-240x300.jpg"
    }
  },
  {
    "name": "Rok",
    "id": "2ce6d221-3edc-4733-a02d-3717f2d9a1c9",
    "published": false,
    "position": "Drupal back-end developer",
    "photo": {
      "id": 54,
      "url": "/sites/default/files/2019-08/avatar-unisex-240x300.jpg"
    }
  },
  {
    "name": "Igor",
    "id": "db376928-bd3e-4bc9-b2f4-9bcf64e34732",
    "published": false,
    "position": "Drupal back-end developer",
    "photo": {
      "id": 54,
      "url": "/sites/default/files/2019-08/avatar-unisex-240x300.jpg"
    }
  },
  {
    "name": "Tina",
    "id": "1ff7ce7f-7873-4f92-be6e-0d7e433695d5",
    "published": false,
    "position": "Drupal front-end developer",
    "photo": {
      "id": 54,
      "url": "/sites/default/files/2019-08/avatar-unisex-240x300.jpg"
    }
  },
  {
    "name": "Matic",
    "id": "bcf27e46-f597-441a-a870-a5a6a7879521",
    "published": false,
    "position": "Blog manager",
    "photo": {
      "id": 54,
      "url": "/sites/default/files/2019-08/avatar-unisex-240x300.jpg"
    }
  },
  {
    "name": "Darjan",
    "id": "0b005ab7-0993-4948-bc5f-519aa01a54d8",
    "office": "Maribor",
    "published": false,
    "position": "Full-stack developer",
    "photo": {
      "id": 741,
      "url": "/sites/default/files/2018-10/Pezer_Darjan.jpg"
    }
  },
  {
    "name": "Jan Zavrl",
    "id": "827f8d66-cafd-4745-9521-4c2dd2fb0c27",
    "published": false,
    "position": "Drupal developer",
    "photo": {
      "id": 54,
      "url": "/sites/default/files/2019-08/avatar-unisex-240x300.jpg"
    }
  },
  {
    "name": "Martin",
    "id": "88ef5002-30ba-4c1a-a82b-3b4bcc2db794",
    "published": false,
    "position": "Marketing manager",
    "photo": {
      "id": 54,
      "url": "/sites/default/files/2019-08/avatar-unisex-240x300.jpg"
    }
  },
  {
    "name": "Ana",
    "id": "4bbc9d5a-6490-4a2f-a918-a05c4a416924",
    "office": "Ljubljana",
    "published": false,
    "position": "Talent manager",
    "photo": {
      "id": 736,
      "url": "/sites/default/files/2018-10/Smolic%CC%8C_Ana.jpg"
    }
  },
  {
    "name": "Mitja",
    "id": "b7697fe5-2258-4bc7-974d-23490b9ec1e4",
    "office": "Maribor",
    "published": false,
    "position": "Project manager",
    "photo": {
      "id": 738,
      "url": "/sites/default/files/2018-10/Krope_Mitja.jpg"
    }
  },
  {
    "name": "Marko",
    "id": "659cb0d3-2847-436d-a889-be3fb2a128de",
    "office": "Ljubljana",
    "published": false,
    "position": "Managing director",
    "photo": {
      "id": 731,
      "url": "/sites/default/files/2018-10/Bahor_Marko.jpg"
    }
  }
]